<?xml version="1.0" encoding="UTF-8"?>
<data-sources>
	<data-source id="oracle_thin-16a33d0058a-1e51216a733a86b7" provider="oracle" driver="oracle_thin" name="Oracle - xe" save-password="true" show-system-objects="true" read-only="false">
		<connection host="localhost" port="1521" server="" database="xe" url="jdbc:oracle:thin:@//localhost:1521/xe" user="happy" password="GwUWMFgjpQ==" home="C:\oraclexe\app\oracle\product\11.2.0\server" type="dev">
			<provider-property name="@dbeaver-always-use-dba-views@" value="false"/>
			<provider-property name="@dbeaver-sid-service@" value="SERVICE"/>
			<provider-property name="@dbeaver-use-rule-hint@" value="false"/>
			<provider-property name="@dbeaver-connection-type@" value="BASIC"/>
			<provider-property name="@dbeaver-check-schema-content@" value="false"/>
			<provider-property name="@dbeaver-always-show-dba@" value="false"/>
		</connection>
	</data-source>
	<filters/>
</data-sources>