<?xml version="1.0" encoding="UTF-8"?>
<beans xmlns="http://www.springframework.org/schema/beans"
	xmlns:xsi="http://www.w3.org/2001/XMLSchema-instance"
	xmlns:aop="http://www.springframework.org/schema/aop"
	xmlns:tx="http://www.springframework.org/schema/tx"
	xsi:schemaLocation="http://www.springframework.org/schema/beans http://www.springframework.org/schema/beans/spring-beans.xsd
		http://www.springframework.org/schema/aop http://www.springframework.org/schema/aop/spring-aop-4.0.xsd
		http://www.springframework.org/schema/tx http://www.springframework.org/schema/tx/spring-tx-4.0.xsd">
		
	<bean name="logAop" class="happy.jaj.prj.aop.LogExecute"/>

	<aop:config>
		<aop:pointcut expression="execution(public * happy.jaj.prj.model.*Dao*.*(..))" id="servicePoint"/>
		<aop:aspect id="logAop" ref="logAop">
			<aop:before method="before" pointcut-ref="servicePoint"/>
			<aop:after-returning method="afterReturning" pointcut-ref="servicePoint"/>
			<aop:after-throwing method="afterThrowing" pointcut-ref="servicePoint"/>
		</aop:aspect>
	</aop:config>
	
	<tx:annotation-driven transaction-manager="transactionManager"/>
</beans>
