<?xml version="1.0" encoding="UTF-8"?>
<beans xmlns="http://www.springframework.org/schema/beans"
	xmlns:xsi="http://www.w3.org/2001/XMLSchema-instance"
	xmlns:tx="http://www.springframework.org/schema/tx"
	xmlns:aop="http://www.springframework.org/schema/aop"
	xsi:schemaLocation="http://www.springframework.org/schema/beans http://www.springframework.org/schema/beans/spring-beans.xsd
		http://www.springframework.org/schema/aop http://www.springframework.org/schema/aop/spring-aop-4.0.xsd
		http://www.springframework.org/schema/tx http://www.springframework.org/schema/tx/spring-tx-4.0.xsd">

<bean class="org.springframework.beans.factory.config.PropertyPlaceholderConfigurer">
	<property name="locations">
		<list>
			<value>classpath:properties/db.properties</value>
		</list>
	</property>
</bean>

<bean id="dataSource" class="org.apache.commons.dbcp.BasicDataSource">
	<property name="driverClassName" value="${driver}"/>
	<property name="url" value="${url}"/>
	<property name="username" value="${user}"/>
	<property name="password" value="${pw}"/>
	<property name="defaultAutoCommit" value="true"/>
</bean>

<bean id="sqlSession" class="org.mybatis.spring.SqlSessionFactoryBean">
	<property name="dataSource" ref="dataSource"/>
	<property name="configLocation" value="/WEB-INF/spring/sqls/Mybatis-configuration.xml"/>
</bean>

<bean id="sqlSessionTemplate" class="org.mybatis.spring.SqlSessionTemplate">
	<constructor-arg index="0" ref="sqlSession"/>
</bean>

<bean id="transactionManager" class="org.springframework.jdbc.datasource.DataSourceTransactionManager">
	<property name="dataSource" ref="dataSource"/>
</bean>

<tx:advice id="txAdvice" transaction-manager="transactionManager">
	<tx:attributes>
		<tx:method name="*" propagation="REQUIRED" rollback-for="Exception"/>
	</tx:attributes>
</tx:advice>

<aop:config>
	<aop:advisor pointcut="execution(public * happy.jaj.prj.model.*Service*.*(..))" 
	advice-ref="txAdvice"/>
</aop:config>

</beans>
